date,date_text,country,who,type,what_happened,source_name,source_url,checked_on
2026-09-01,1 Sep 2026,Nigeria,SEC Nigeria,regulator,"Published draft rules for online forex and CFD trading. The draft covers brokers and platforms, not prop firms. Not in force yet.",Draft rules (PDF),https://sec.gov.ng/documents/1512/Proposed_Rules_on_Online_Forex_Contract_for_Difference_CFD.pdf,2026-09-28
2026-07-02,2 Jul 2026,Cyprus and EU,CySEC,regulator,The CySEC chairman said retail prop trading is not an ESMA priority at this time.,Cyprus Mail report,https://cyprus-mail.com/2026/07/02/retail-prop-trading-not-an-esma-priority-says-cysec-chairman,2026-09-28
2026-05-27,27 May 2026,Global,Kraken,industry,"Kraken, a crypto exchange, launched Kraken Prop, the first evaluation programme run by an exchange, after buying Breakout.",Finance Magnates report,https://www.financemagnates.com/cryptocurrency/kraken-enters-funded-trading-with-new-prop-program-after-breakout-acquisition/,2026-09-28
2026-02,Feb and Mar 2026,Czech Republic,FTMO,industry,"FTMO changed its terms to describe payouts as a reward for the data a trader generates, with no funded account language. OANDA Prop Trader was folded into FTMO in March 2026.",TradeInformer report,https://tradeinformer.com/prop-weekly/why-did-ftmo-switch-from-funded-accounts-to-simulated-rewards/,2026-09-28
2025-11-19,19 Nov 2025,India,Reserve Bank of India,regulator,"The RBI Alert List of forex firms with no permission to serve Indian residents grew to 95 names. It includes the prop firms FTMO, entry 13, and FundedNext, entry 83.",RBI Alert List,https://www.rbi.org.in/Scripts/bs_viewcontent.aspx?Id=4235,2026-09-28
2025-06-18,18 Jun 2025,United States,MyFundedFutures,industry,MyFundedFutures hired ComplianceAlpha to run its compliance after it stopped serving 21 countries in 2024.,Finance Magnates report,https://www.financemagnates.com/forex/after-suspending-operations-in-21-countries-myfundedfutures-moves-to-upgrade-compliance/,2026-09-28
2025-05-13,13 May 2025,United States,CFTC (court ruling),regulator,"A court threw out the CFTC 2023 case against Traders Global Group, the company behind My Forex Funds. The case cannot be refiled, and the court ordered sanctions against the CFTC.",Law firm summary of the ruling,https://www.desilvalawoffices.com/articles/blog/2025/may/cftc-case-dismissed-my-forex-funds-controversy-h/,2026-09-28
2024-12,Dec 2024,Turkiye,SPK,regulator,"The SPK blocked access to 58 crypto and prop firm websites, among them BrightFunded, BEM Funding and Lion Funded. List 2024-56.",SPK list 2024-56 (PDF),https://spk.gov.tr/data/675b4cdc8f95db2bd88adb07/2024-56.pdf,2026-09-28
2024-10,Oct 2024,Czech Republic,Czech National Bank,regulator,The CNB said a platform that sells access to demo accounts does not need a licence while the trading stays simulated.,Finance Magnates report,https://www.financemagnates.com/forex/demo-account-prop-trading-platforms-do-not-need-authorisation-czech-regulator/,2026-09-28
2024-07-08,8 Jul 2024,Italy,CONSOB,regulator,"Press release titled Beware of online trading video games, a warning to consumers about prop firm challenges.",CONSOB press release (PDF),https://www.consob.it/documents/1912911/3990887/press_20240708.pdf/24b6eb1f-4a7e-7678-591d-ff529d78f045,2026-09-28
2024-06,Jun 2024,Czech Republic,Czech National Bank,regulator,"The CNB said some prop firm models may fall under MiFID, the EU law on investment services.",Finance Magnates report,https://www.financemagnates.com/forex/exclusive-czech-regulator-asserts-prop-trading-firms-may-be-subject-to-mifid/,2026-09-28
2024-06,Jun 2024,EU,ESMA and CySEC,regulator,Regulators ran first reviews of prop trading. The CySEC chair said prop trading will fall under robust regulation at some point.,Finance Magnates report,https://www.financemagnates.com/forex/exclusive-regulators-conducted-preliminary-reviews-on-potential-prop-trading-regulations/,2026-09-28
2024-03-07,7 Mar 2024,Belgium,FSMA,regulator,Warning against a shadow investment game. The FSMA said prop firms hold no licence and may not offer investment services.,FSMA warning,https://www.fsma.be/en/warnings/fsma-warns-consumers-against-shadow-investment-game,2026-09-28
