slug,name,website,status,status_note,founded,hq_city,hq_country,models,assets,platforms,max_allocation,profit_split,challenge_fee_from,account_sizes,payout_frequency,daily_drawdown,max_drawdown,min_trading_days,time_limit,news_trading,weekend_holding,ea_allowed,broker_backing,sources,confidence,checked_on,profile_url
alpha-capital,Alpha Capital Group,https://alphacapitalgroup.uk,active,,2021,Harpenden,United Kingdom,one-step|two-step|three-step|instant-funding,forex|indices|commodities|crypto,MT5|cTrader|TradeLocker|DXtrade,"$200,000",80% (up to 90% with add-on),$40 ($10K evaluation with code 10KFOR40),$5k|$10k|$25k|$50k|$100k|$200k,bi-weekly or on demand,,,,,unknown,unknown,yes,ACG Markets (group brokerage),https://alphacapitalgroup.uk/|https://alphacapitalgroup.uk/product,high,2026-09-24,https://brokercatalogue.com/prop-firms/alpha-capital/
alpha-futures,Alpha Futures,https://alpha-futures.com,active,"Listed domain alphafutures.com is a parked GoDaddy page; the firm operates at alpha-futures.com (Alpha Futures Limited, company no. 15655643).",2024,Harpenden,United Kingdom,one-step|instant-funding,futures,AlphaTrader|TradingView|WealthCharts|Quantower,"$150,000 per account (up to $750K in simulated funds)",90%,$89/month ($25K Zero Eval),$25k|$50k|$100k|$150k,"up to 4 times per month after every 5 winning days ($200+); processed within 48 business hours; caps $1,000 to $15,000 by plan",Daily Loss Guard $500 on $25K Zero (none on Standard/Advanced evals),"$1,000 on $25K (4%); end-of-day MLL on Direct",1 (Zero) / 2 (Standard) / 3 (Advanced); 5 winning days before payout,none,restricted,no,unknown,ACG Markets (Alpha Group broker); TradingView connectivity via Plus500,https://alpha-futures.com/|https://help.alpha-futures.com/en/,high,2026-09-24,https://brokercatalogue.com/prop-firms/alpha-futures/
apex-trader-funding,Apex Trader Funding,https://apextraderfunding.com,active,"Relaunched all products on 1 Mar 2026 (one-time fees, EOD drawdown, no payout denials); legacy accounts unchanged.",2021,Austin,United States,one-step,futures,Rithmic|Tradovate|NinjaTrader|WealthCharts,"$150,000 (up to 20 accounts)","90% (100% of first $25,000)",,$25k|$50k|$100k|$150k,every 5 trading days,none,"trailing (end-of-day or intraday, by account type)",1,none,yes,no,restricted,,https://apextraderfunding.com/|https://apextraderfunding.com/help-center/additional-helpful-items/new-products/|https://tradetanto.com/learn/apex-trader-funding-rules-what-you-need-to-know,high,2026-09-24,https://brokercatalogue.com/prop-firms/apex-trader-funding/
aqua-funded,Aqua Funded,https://www.aquafunded.com,active,,2023,Dubai,United Arab Emirates,one-step|two-step|instant-funding,forex|indices|commodities|crypto|futures,Match-Trader|TradeLocker|MT5|cTrader,"$400,000 (scaling to $4M)",90% (100% with add-on),$14 ($5k); $283 ($100k),$2.5k|$5k|$10k|$25k|$50k|$100k|$150k|$200k|$250k|$300k|$400k,bi-weekly (first payout after 7 days; on-demand add-on; daily on Flex); 24-hour payout guarantee,,,,none,yes,unknown,unknown,,https://www.aquafunded.com/|https://www.aquafunded.com/forex-rules,high,2026-09-24,https://brokercatalogue.com/prop-firms/aqua-funded/
ascendx-capital,Ascendx Capital,https://ascendxcapital.com,active,Two-phase 7%/5% targets; London (Canary Wharf) contact address; associated with Quant Tekel per aliases.,,London,United Kingdom,two-step,forex|indices|commodities|crypto,,"$200,000",90%,,,every 2 weeks (average 4-hour processing),,,2,none,yes,unknown,yes,,https://ascendxcapital.com/,medium,2026-09-24,https://brokercatalogue.com/prop-firms/ascendx-capital/
atfunded,ATFunded,https://atfunded.com,closed,"Paused operations in Jun 2026 pending a full business review; site shows only an announcement promising full refunds and payouts, MT5 set to close-only; CEO and GM had departed earlier in 2026.",2024,London,United Kingdom,,forex|indices|commodities|crypto,MT5,,,,,,,,,,unknown,unknown,unknown,ATFX (prop unit of ATFX; launched Oct 2024),https://atfunded.com/|https://www.financemagnates.com/forex/atfx-suspends-its-prop-trading-operations/|https://www.leaprate.com/financial-services/prop-trading/atfunded-pauses-operations-and-promises-refunds/,high,2026-09-24,https://brokercatalogue.com/prop-firms/atfunded/
audacity-capital,Audacity Capital,https://audacity.capital,active,Site now redirects audacitycapital.co.uk to audacity.capital; trading operated by AudaCity Global LTD (Comoros licence) with London and Dubai offices.,2012,London,United Kingdom,one-step|two-step|instant-funding,forex|indices|commodities|crypto,MT5|DXtrade,"$200,000 challenge (scaling to $2M; FTP instant up to $768K)",up to 90%,$49 ($5K Ability Challenge; $42 with 14% off),$5k|$10k|$25k|$50k|$100k|$200k,same day upon approval (payouts every 14 days),7.5% (phase 1); 5% (phase 2 and funded),15% (phase 1); 10% (phase 2 and funded),4,none,yes,yes,yes,,https://audacity.capital/|https://audacity.capital/ability-challenge,high,2026-09-24,https://brokercatalogue.com/prop-firms/audacity-capital/
bespoke-funding,Bespoke Funding Program,https://bespokefundingprogram.com,closed,"Delisted from Prop Firm Match after payout-delay reports and an FCA warning (Oct 2024); rebranded to The Prop Vault, then acquired by House of Leverage which announced shutdown 14 Aug 2025; bespokefundingprogram.com now serves an unrelated Turkish casino site.",2022,London,United Kingdom,,forex|indices|commodities|crypto,,,,,,,,,,,unknown,unknown,unknown,,https://bespokefundingprogram.com/|https://fxnewsgroup.com/forex-news/retail-forex/prop-firm-bespoke-funding-delisted-from-propfirmmatch-following-payout-delay-reports/|https://mypropgenius.com/closed-firms/,high,2026-09-24,https://brokercatalogue.com/prop-firms/bespoke-funding/
blue-guardian,Blue Guardian,https://blueguardian.com,active,,2021,Dubai,United Arab Emirates,one-step|two-step|instant-funding,forex|indices|commodities|crypto|futures,MT5|TradeLocker|Match-Trader|NinjaTrader|Tradovate|DeepCharts|TradingView,"$400,000",up to 90% (100% on select plans),$54 ($5K Instant),$5k|$10k|$25k|$50k|$100k|$200k|$300k|$400k,"on demand (Instant) / every 7 days (1-Step, 2-Step)","3% (Instant plan, $3,000 on $100K)",trailing 6% (Instant plan),,none,restricted,yes,yes,,https://blueguardian.com/|https://blueguardian.com/forex,high,2026-09-24,https://brokercatalogue.com/prop-firms/blue-guardian/
blueberry-funded,Blueberry Funded,https://blueberryfunded.com,active,"Owned and operated by Blueberry Markets (SVG) LLC, Saint Vincent and the Grenadines; backed by Australian broker Blueberry Markets.",2024,,Australia,one-step|two-step|instant-funding,forex|indices|commodities|crypto|futures,,"$200,000 (scaling to $2,000,000)",80% (85% on Flex 1 Step; up to 90% via scaling),"$139 (Instant Lite, displayed size)",$2.5k|$5k|$10k|$25k|$50k|$100k|$200k,every 14 days (7-day and on-demand options available),"4% (1-Step, Prime 2-Step); 3% (Flex 1 Step); none (Instant Elite)",6% (1-Step); 10% (Prime 2-Step); 12% (Flex); static,3 per phase (none on Flex),none,yes,unknown,unknown,Blueberry Markets,https://blueberryfunded.com/|https://help.blueberryfunded.com/en/,high,2026-09-24,https://brokercatalogue.com/prop-firms/blueberry-funded/
blusky-trading,BluSky Trading,https://bluskytrading.com,active,Details from secondary reviews (Trustpilot 4.7).,2022,St. Petersburg,United States,one-step|instant-funding,futures,NinjaTrader|Rithmic,,90% (Direct 2 Funded 50% rising to 80%),,,"daily (Monday to Friday, same day before 11 AM ET)",,end-of-day trailing or static (by plan),8,none,unknown,no,unknown,,https://bluskytrading.com/|https://propfirmbridge.com/prop-firms/blusky-trading-company-futures-prop-firm-review|https://damnpropfirms.com/futures-prop-firms/blusky/,medium,2026-09-24,https://brokercatalogue.com/prop-firms/blusky-trading/
breakout-prop,Breakout Prop,https://breakoutprop.com,active,,2024,,United Kingdom,one-step|two-step,crypto,Proprietary,"$100,000",up to 90%,$55 ($5k),$5k|$10k|$25k|$50k|$100k,,4%,6%,,none,unknown,yes,unknown,,https://breakoutprop.com/,medium,2026-09-24,https://brokercatalogue.com/prop-firms/breakout-prop/
brightfunded,BrightFunded,https://brightfunded.com,active,"Operating entities in Saint Lucia (CFD), Wyoming (futures) and Cyprus; Amsterdam-origin brand.",2023,Amsterdam,Netherlands,one-step|two-step,forex|indices|commodities|crypto|futures,MT5|cTrader|DXtrade,"$200,000 (scaling to $400K)",,$97.50 ($5K),$5k|$10k|$25k|$50k|$100k|$200k,,,,,,unknown,unknown,unknown,,https://brightfunded.com/|https://help.brightfunded.com/en/,medium,2026-09-24,https://brokercatalogue.com/prop-firms/brightfunded/
bulenox,Bulenox,https://bulenox.com,active,,2021,Wilmington,United States,one-step|instant-funding,futures,R Trader Pro|NinjaTrader|Quantower|Sierra Chart|MultiCharts|ATAS|Bookmap|MotiveWave,"$150,000 (up to 5 Master-level accounts)","90% (100% of first $10,000)","$145 one-time ($25K Qualification, 30-day access)",$25k|$50k|$100k|$150k,daily (Fast Track and Momentum); no minimum days before first request,none (Trailing model); daily loss limit pauses trading (End-of-Day model),"trailing $1,500 on $25K (6%) or end-of-day by chosen model",none,30 days access per Qualification purchase,yes,no,unknown,,https://bulenox.com/|https://bulenox.com/accounts-pricing,high,2026-09-24,https://brokercatalogue.com/prop-firms/bulenox/
city-traders-imperium,City Traders Imperium,https://citytradersimperium.com,active,"Registered in Comoros with operating address in San Jose, Costa Rica; academy entity CTI FZCO in Dubai.",2018,Dubai,United Arab Emirates,one-step|two-step|instant-funding,forex|indices|commodities|crypto,MT5|Match-Trader,"$100,000 challenge / $80,000 instant (scaling to $4M)","up to 100% (VIP tiers: Bronze 90%, Silver 100%)",$29 ($2.5K 1-Step),$2.5k|$5k|$10k|$25k|$50k|$100k,"first withdrawal after 7 days (challenge) or 5 days (instant); weekly at Bronze, anytime at Silver; processed within 24 hours","none (1-Step, Instant, Direct); 5% (2-Step)","5% (1-Step); 10% (2-Step); 3% (Instant, Direct); balance-based",3 profitable days (challenges),none,yes,yes,yes,,https://citytradersimperium.com/|https://citytradersimperium.com/1-step-challenge/,high,2026-09-24,https://brokercatalogue.com/prop-firms/city-traders-imperium/
crypto-fund-trader,Crypto Fund Trader,https://cryptofundtrader.com,active,,2022,Pamplona,Spain,one-step|two-step|instant-funding,crypto|forex|indices|commodities|stocks,MT5|Match-Trader|Bybit,"$200,000 (scaling to $1,280,000)",80% (up to 90% via scaling),$40 ($5k Accelerated 1-phase),$5k|$10k|$25k|$50k|$100k|$200k,on demand (Break plan),5% (2-phase); 4% (1-phase),10% (2-phase); trailing 6% (1-phase),none,none,yes,unknown,unknown,,https://cryptofundtrader.com/|https://cryptofundtrader.com/faq,high,2026-09-24,https://brokercatalogue.com/prop-firms/crypto-fund-trader/
dna-funded,DNA Funded,https://dnafunded.com,watch,Site notice (Sep 2026): new orders paused while MT5 accounts migrate to TradeLocker; existing trading unaffected.,2024,Sydney,Australia,one-step|two-step,forex|indices|commodities|crypto|stocks,TradeLocker,"$600,000",80% (90% with booster),,,every 14 days (7 days with Early Payout booster),,,,,unknown,unknown,unknown,DNA Markets (Australian broker),https://dnafunded.com/|https://dnafunded.com/faqs/,medium,2026-09-24,https://brokercatalogue.com/prop-firms/dna-funded/
e8-markets,E8 Markets,https://e8markets.com,active,,2021,Dallas,United States,one-step,forex|indices|commodities|crypto|stocks|futures,MT5|TradeLocker|cTrader|Match-Trader|E8 Terminal,"$500,000",80% (configurable),$48 ($5K E8 One; $36 with code),$5k|$10k|$25k|$50k|$100k|$200k|$400k|$500k,first payout in as little as 3 days; daily on E8 Pro,"4% ($4,000 on $100K)","6% dynamic ($6,000 on $100K; configurable)",1,none,unknown,unknown,unknown,,https://e8markets.com/|https://e8markets.com/compare-simfi-funded-accounts,high,2026-09-24,https://brokercatalogue.com/prop-firms/e8-markets/
earn2trade,Earn2Trade,https://www.earn2trade.com,active,,2016,Sheridan,United States,one-step,futures,Tradovate|NinjaTrader|BlackArrow|TradingView|Finamark|Rithmic,"$200,000 (Trader Career Path scales to $400K)",80%,$75/month (Trader Career Path $25K); $85/month (Gauntlet Mini),$25k|$50k|$100k (TCP); $50k|$100k|$150k|$200k (Gauntlet Mini),weekly (from $100),,,none,none,yes,no,unknown,,https://www.earn2trade.com/|https://www.earn2trade.com/trader-career-path,high,2026-09-24,https://brokercatalogue.com/prop-firms/earn2trade/
elite-trader-funding,Elite Trader Funding,https://elitetraderfunding.com,active,,2022,,United States,one-step|instant-funding,futures,TradingView|NinjaTrader|Rithmic|Tradovate,"$150,000",up to 100%,,,"same-day approval; first payout after 8 active trading days (as low as 5 on Direct To Funded); per-payout caps $1,500 to $5,000","none (1 Step, Static, Direct, Fast Track); yes on End of Day and Diamond Hands plans",trailing intraday (1 Step) / static / end-of-day by plan,5 (none on Direct To Funded; 10 on Diamond Hands),none,unknown,no,unknown,,https://elitetraderfunding.com/|https://elitetraderfunding.app/evaluations,medium,2026-09-24,https://brokercatalogue.com/prop-firms/elite-trader-funding/
fidelcrest,Fidelcrest,https://fidelcrest.com,closed,Suspended all activities on 4 Mar 2024 citing a tech-provider change and never resumed per 2026 reviews; fidelcrest.com now shows a 2019-era corporate investor page; not on the CySEC register.,2018,Nicosia,Cyprus,two-step,forex|indices|commodities|crypto|stocks,MT4|MT5,"$200,000 (scaling to $2M)",,,,,,,,,unknown,unknown,unknown,,https://fidelcrest.com/|https://coinspot.io/en/prop-trading-firms/fidelcrest/|https://theindustryspread.com/fidelcrest-review-third-party-firm-funds-you/,medium,2026-09-24,https://brokercatalogue.com/prop-firms/fidelcrest/
finotive-funding,Finotive Funding,https://finotivefunding.com,active,"HQ now Finotive Funding Technologies Ltd, DIFC Dubai; payment agent in Cyprus; we could not read the fee table.",2021,Dubai,United Arab Emirates,one-step|two-step|instant-funding,forex|indices|commodities|crypto,,"$200,000",,,$25k|$50k|$100k|$200k,"first payout on demand (after minimum profitable days), then every 7 days (paid Fridays)",,static (all accounts),,,unknown,unknown,unknown,Finotive Markets (FSC-regulated group broker),https://finotivefunding.com/|https://finotivefunding.com/rules,medium,2026-09-24,https://brokercatalogue.com/prop-firms/finotive-funding/
fintokei,Fintokei,https://www.fintokei.com,active,,2023,Brno,Czech Republic,one-step|two-step|three-step,forex|indices|commodities,TradingView|MT5|cTrader,"$400,000 (ProTrader)",80% (ProTrader); 90% (SwiftTrader); 50% to 100% (StartTrader); up to 95% via loyalty,"$44 ($5,000 StartTrader or SwiftTrader)",$5k|$10k|$20k|$50k|$100k|$200k|$400k,every two weeks (average processing 3h 4m),5% (ProTrader); 2% (SwiftTrader); 3% (StartTrader),10% (ProTrader); 3% (SwiftTrader); 6% (StartTrader),3,none (ProTrader); 60 days (SwiftTrader); 180 days (StartTrader),restricted,restricted,unknown,Purple Trading (Purple fintech group),https://www.fintokei.com/|https://support.fintokei.com/en,high,2026-09-24,https://brokercatalogue.com/prop-firms/fintokei/
for-traders,For Traders,https://fortraders.com,active,Legal entities: FT Trading Ltd (Saint Lucia) and BLN Tech Club DMCC (Dubai); Prague office shown on site.,2023,Prague,Czech Republic,one-step|two-step|instant-funding,forex|indices|commodities|crypto|futures,MT5|TradeLocker|cTrader,"$100,000 initial (up to $300,000 for Gold-tier Premium Program traders)",up to 90%,"$50 ($3,000 Crypto Instant Master); $399 ($100,000 Forex One-Step)",,48-hour reward guarantee (average 14 hours),,,,,unknown,yes,unknown,,https://fortraders.com/|https://fortraders.com/our-rules,medium,2026-09-24,https://brokercatalogue.com/prop-firms/for-traders/
ftmo,FTMO,https://ftmo.com,active,,2015,Prague,Czech Republic,one-step|two-step,forex|indices|commodities|crypto|stocks|futures,MT4|MT5|cTrader|DXtrade|TradingView,"$200,000 (scaling to $2M)",80% (up to 90%; 90% on 1-Step),€79 (1-Step $10k); €89 (2-Step $10k),$10k|$25k|$50k|$100k|$200k,bi-weekly (on demand after 14 days),5% (2-Step); 3% (1-Step),10% static (2-Step); trailing 10% end-of-day (1-Step),4 (2-Step); none (1-Step),none,restricted,restricted,restricted,"OANDA (FTMO Group acquired OANDA Global Corporation, 2025)",https://ftmo.com/en/trading-objectives/|https://ftmo.com/en/comparison-table/|https://ftmo.com/en/challenge/,high,2026-09-24,https://brokercatalogue.com/prop-firms/ftmo/
ftuk,FTUK,https://ftuk.com,active,Operating entity Nexdata-Solutions B.V. (Utrecht); simulated services by FTUK Markets Ltd (Saint Lucia); services not offered to US or UAE residents.,2021,Utrecht,Netherlands,one-step|instant-funding,forex|indices|commodities|crypto|futures,MT5|TradeLocker|Match-Trader|DXtrade,"$200,000",up to 80%,"$9 (Flex Challenge pay-after-pass; activation fee due on passing, e.g. $672 on displayed size)",$5k|$10k|$25k|$50k|$100k|$200k,on demand (average 1 hour),,,,none,yes,yes,unknown,,https://ftuk.com/|https://faq.ftuk.com/en/,medium,2026-09-24,https://brokercatalogue.com/prop-firms/ftuk/
funded-futures-network,Funded Futures Network,https://fundedfuturesnetwork.com,active,Details from secondary reviews (Trustpilot 4.7).,2022,New York,United States,one-step,futures,Rithmic,"$250,000","80% (90% on Live Funded Pro or after $5,000 cumulative withdrawals)",$135,$25k to $250k,"same-day (within 24 hours) via ACH, PayPal or wire",none (Standard accounts),"trailing (end-of-trade, updates on closed trades)",,none,yes,no,unknown,,https://fundedfuturesnetwork.com/|https://propfirmmap.com/firms/fundedfuturesnetwork|https://damnpropfirms.com/futures-prop-firms/funded-futures-network/,medium,2026-09-24,https://brokercatalogue.com/prop-firms/funded-futures-network/
funded-trader-markets,Funded Trader Markets,https://fundedtradermarkets.com,active,Contracting entity Formed Technologies INT FZCO (Dubai); payment agent in Cyprus; MT5 licence via Saint Lucia entity.,2024,Dubai,United Arab Emirates,one-step|two-step|instant-funding,forex|indices|commodities|crypto,MT5|cTrader|TradeLocker|Match-Trader,"$300,000 (up to $1M max allocation)","up to 90% on evaluations (90% on first $10,000 for 1-Step Nitro); up to 80% on Instant",$24 (1-Step from); $33 (2-Step from); $47 (Instant from); $5K 1-Step Nitro $20 promo / $80 list,$5k|$10k|$25k|$50k|$100k|$200k|$300k,on demand (24-hour guarantee or reward doubled; average under 20 minutes),4% (1-Step Nitro),6% (1-Step Nitro),,none,yes,yes,unknown,,https://fundedtradermarkets.com/|https://fundedtradermarkets.com/faq,high,2026-09-24,https://brokercatalogue.com/prop-firms/funded-trader-markets/
funded-trading-plus,Funded Trading Plus,https://www.fundedtradingplus.com,active,,2021,London,United Kingdom,one-step|two-step|instant-funding,forex|indices|commodities|crypto,Match-Trader|MT5,"$200,000 (scaling to $5M with add-on)",80% (up to 100%),$549 ($100k 1-Step Express list; $384.30 with code),$10k|$25k|$50k|$100k|$200k,"day 0, then every 7 days (every 3 days add-on)",4% (balance based),trailing 6%,none,none,yes,yes,unknown,,https://www.fundedtradingplus.com/|https://help.fundedtradingplus.com/,high,2026-09-24,https://brokercatalogue.com/prop-firms/funded-trading-plus/
fundedfirm,FundedFirm,https://www.fundedfirm.com,active,Operated by FundedFirm LTD; no HQ address published on site; not available to US residents.,,,,one-step|two-step|instant-funding,forex|indices|commodities|crypto,MT5,"$100,000",up to 100%,"$549 ($100k 1-Step, list $649)",$5k|$10k|$15k|$25k|$50k|$100k,"monthly, bi-weekly or weekly; processed within 24 hours",3% (1-Step),6% (1-Step),3 profitable days,none,yes,unknown,unknown,,https://www.fundedfirm.com/|https://www.fundedfirm.com/trader-rules,medium,2026-09-24,https://brokercatalogue.com/prop-firms/fundedfirm/
fundednext,FundedNext,https://fundednext.com,active,,2022,Dubai,United Arab Emirates,one-step|two-step|instant-funding,forex|indices|commodities|crypto|futures,MT4|MT5|cTrader|Match-Trader,"$200,000 (merge up to $300,000; scaling to $4M)",80% (up to 95%),$59.99 (Stellar 2-Step $6k),$6k|$15k|$25k|$50k|$100k|$200k,bi-weekly (24-hour processing guarantee),5% (Stellar 2-Step); 3% (Stellar 1-Step),10% (Stellar 2-Step); 6% (Stellar 1-Step),,none,restricted,yes,yes,,https://fundednext.com/|https://fundednext.com/cfds/stellar-2-step|https://tradetanto.com/learn/fundednext-rules-a-complete-guide-for-cfd-traders,medium,2026-09-24,https://brokercatalogue.com/prop-firms/fundednext/
funderpro,FunderPro,https://funderpro.com,active,,2023,San Gwann,Malta,one-step|two-step|instant-funding,forex|indices|commodities|crypto|futures,MT5|cTrader|TradeLocker,"$200,000 (scaling to $5M)",80% (up to 90%),$79 (Instant); $539 ($100K Classic 2-Phase),$5k|$10k|$25k|$50k|$100k|$150k|$200k,daily or weekly (Pro); bi-weekly (Classic); processed within 1 working day,"5% (Pro, Classic); 3% (One Phase); balance-based",10% static (no trailing drawdown),4 (Classic),none,yes,restricted,yes,"NextTrade (group CFD broker, FSC Mauritius)",https://funderpro.com/|https://support.funderpro.com/,high,2026-09-24,https://brokercatalogue.com/prop-firms/funderpro/
funding-traders,Funding Traders,https://fundingtraders.com,active,"Operated by FT US Inc, Miami Beach; MT5 not offered to US residents.",2023,Miami Beach,United States,one-step|two-step|instant-funding,forex|indices|commodities|crypto,MT5|TradeLocker,"$400,000 (Instant); $200,000 (evaluations)","80% to 100% (evaluations); 90% to 100% (Instant, 1-Step)",$49 ($5K 2-Step Pro6; $25 with promo),$5k|$10k|$25k|$50k|$100k|$200k|$400k,every 7 days (Instant); every 14 to 21 days (evaluations); 48-hour processing with Reward Protection,"3% (Instant, Pro6, 1-Step); 5% (Pro10)","6% (Instant, Pro6); 10% (Pro10, 1-Step)",4 (evaluations); none (Instant),none,restricted,unknown,yes,,https://fundingtraders.com/|https://fundingtraders.com/help/en/,high,2026-09-24,https://brokercatalogue.com/prop-firms/funding-traders/
fundingpips,FundingPips,https://fundingpips.com,active,,2022,Dubai,United Arab Emirates,one-step|two-step|instant-funding,forex|indices|commodities|crypto,MT5|cTrader,"$100,000 (up to $200,000 on selected models)","80% (60% weekly, 90% on demand, 100% monthly)",$29 ($5k 2-Step Pro),$5k|$10k|$25k|$50k|$100k,"weekly (Tuesday), bi-weekly, on demand or monthly (split varies)",5%,10%,3,none,unknown,unknown,unknown,,https://fundingpips.com/|https://brokeranalysis.com/prop-trading-firms/funding-pips/pricing/,high,2026-09-24,https://brokercatalogue.com/prop-firms/fundingpips/
fundyourfx,FundYourFX,https://fundyourfx.com,watch,Site (Sep 2026) is an application-based live-account program page with placeholder lorem-ipsum text and no pricing or rules; appears dormant or under rebuild.,,London,United Kingdom,instant-funding,forex,,,,,,monthly,,,,,unknown,unknown,unknown,,https://fundyourfx.com/,low,2026-09-24,https://brokercatalogue.com/prop-firms/fundyourfx/
fxify,FXIFY,https://fxify.com,active,,2023,London,United Kingdom,one-step|two-step|three-step|instant-funding,forex|indices|commodities|crypto|stocks|futures,MT4|MT5|DXtrade|TradingView,"$400,000",75% (up to 90%; 100% on FXIFY Futures),$39 (Lightning from $59; $5k One Phase $250),$5k|$10k|$25k|$50k|$100k|$200k|$400k,"first payout on demand, then monthly (bi-weekly add-on)",,static or trailing (by program),5 (before first payout),none,unknown,yes,yes,FXPIG (Prime Intermarket Group),https://fxify.com/|https://fxify.com/programs/one-phase/,high,2026-09-24,https://brokercatalogue.com/prop-firms/fxify/
glow-node,Glow Node,https://glownode.com,closed,glownode.com redirects to an Atom.com domain-for-sale listing (Sep 2026); the prop firm appears to have ceased operating.,,,United Kingdom,,forex|indices|commodities|crypto,,,,,,,,,,,unknown,unknown,unknown,,https://glownode.com/,medium,2026-09-24,https://brokercatalogue.com/prop-firms/glow-node/
goat-funded-trader,Goat Funded Trader,https://www.goatfundedtrader.com,active,,2023,Hong Kong,Hong Kong,one-step|two-step|three-step|instant-funding,forex|indices|commodities|crypto|stocks|futures,MT5|TradeLocker|Match-Trader|cTrader|Volumetrica,"$400,000 (scaling to $2M)",up to 100%,,$2.5k|$5k|$8k|$10k|$15k|$25k|$50k|$100k|$150k|$200k|$250k|$300k|$400k,on demand (first reward on demand; 2-business-day guarantee),4% (varies by model),6% (varies by model),,none,yes,yes,unknown,,https://www.goatfundedtrader.com/|https://www.goatfundedtrader.com/model,high,2026-09-24,https://brokercatalogue.com/prop-firms/goat-funded-trader/
hantec-trader,Hantec Trader,https://hantectrader.com,active,"Prop entity Hantec Trader Limited (Mauritius, C191400); UK-headquartered Hantec Group parent; we could not load the site when we checked.",2024,,Mauritius,one-step|two-step|instant-funding,forex|indices|commodities|crypto,,"$100,000 (scaling to $200,000)",75% (up to 90% with add-ons),"$13 ($2,000 Instant24); challenges from $39",$2k to $100k,every 14 days (7 days with add-on); minimum $100,5%,10%,,,unknown,unknown,unknown,Hantec Markets (Hantec Group),https://hantectrader.com/|https://thetrustedprop.com/prop-firms/hantec-trader|https://www.brokeranalysis.com/prop-trading-firms/hantec-trader/,medium,2026-09-24,https://brokercatalogue.com/prop-firms/hantec-trader/
hola-prime,Hola Prime,https://holaprime.com,active,,2024,Hong Kong,Hong Kong,one-step|two-step|instant-funding,forex|indices|commodities|crypto|futures,MT5|Match-Trader,up to $2M via Prime Circle scaling,80% bi-weekly / 95% monthly (up to 90% Direct),,,"bi-weekly, monthly or on demand; 1-hour processing",,,,,restricted,restricted,unknown,Hola Prime Markets (own brokerage brand); Hola Prime Ltd Mauritius FSC-licensed Investment Dealer,https://holaprime.com/|https://holaprime.com/forex/forex-trading-rules/,medium,2026-09-24,https://brokercatalogue.com/prop-firms/hola-prime/
hyrotrader,HyroTrader,https://www.hyrotrader.com,active,,2022,Prague,Czech Republic,one-step|two-step,crypto,Bybit|Tealstreet|Cleo,"$200,000",80% (up to 90%),$59 ($5k),$5k|$10k|$25k|$50k|$100k|$200k,on demand once minimum threshold reached (paid in USDT/USDC within hours),4%,6%,5,none,unknown,yes,unknown,Bybit (exchange API integration),https://www.hyrotrader.com/|https://www.hyrotrader.com/faq/,high,2026-09-24,https://brokercatalogue.com/prop-firms/hyrotrader/
ic-funded,IC Funded,https://www.icfunded.com,active,Registered in Saint Lucia with Cyprus distributor entity; brand affiliated with Australian broker IC Markets.,2024,Gros Islet,Saint Lucia,one-step|two-step|instant-funding,forex|indices|commodities|crypto,,"$500,000",80% (up to 90% with add-ons),$74 ($5K 2-Step Professional),$5k|$10k|$25k|$50k|$100k|$200k|$500k,bi-weekly,4% step 1 / 5% step 2 and funded (2-Step); 3% (1-Step),8% step 1 / 10% (2-Step); 6% (1-Step); 5% EOD (Instant),3 active days (evaluation); 5 profitable days before first payout,none,restricted,no,unknown,IC Markets (powered by IC Markets),https://www.icfunded.com/|https://www.icfunded.com/en/rules,high,2026-09-24,https://brokercatalogue.com/prop-firms/ic-funded/
instant-funding,Instant Funding,https://instantfunding.com,active,,2022,London,United Kingdom,one-step|two-step|instant-funding,forex|indices|commodities|crypto,MT5|cTrader|Match-Trader,"$400,000 challenge / $80,000 instant (scaling to $3,840,000)",80% (up to 90%),,$625|$1.25k|$2.5k|$5k|$10k|$20k|$40k|$80k (instant); $25k|$50k|$100k|$200k|$400k (challenge),14 days after first trade then weekly (Instant); on demand (One-Phase),none (Instant); 3% (One-Phase),10% (locks to 5% after 5% profit) (Instant),none,none,restricted,restricted,unknown,,https://instantfunding.com/|https://instantfunding.com/trading-rules/,high,2026-09-24,https://brokercatalogue.com/prop-firms/instant-funding/
lark-funding,Lark Funding,https://larkfunding.com,active,,2023,,Canada,one-step|three-step|instant-funding,forex|indices|commodities|crypto,,"$200,000",80% (90% on Instant),"$99 ($10,000 via 100K Road); $399 for $100,000",$10k to $200k (1-Step); $10k to $100k (3-Step),every 14 days (evaluation accounts); streamlined on Instant,,static 5% (3-Step); static 12% (1-Step Fast),none,none,yes,unknown,unknown,,https://larkfunding.com/|https://larkfunding.com/how-it-works,medium,2026-09-24,https://brokercatalogue.com/prop-firms/lark-funding/
leeloo-trading,Leeloo Trading,https://leelootrading.com,active,Montana-based; payouts framed as performance-based contests with a 30% daily profit rule.,2019,,United States,one-step,futures,Rithmic|NinjaTrader|MotiveWave|MultiCharts|ATAS|Sierra Chart|Bookmap|Jigsaw,"$300,000",,$250/month ($25K Aspire),$25k|$50k|$100k|$150k|$250k|$300k,periodic performance-based contests (Performance Account fee $88/month or $250 one-time),none,"trailing $1,500 on $25K (6%)",10,none,yes,restricted,unknown,,https://leelootrading.com/|https://support.leelootrading.com/kb/root.aspx,high,2026-09-24,https://brokercatalogue.com/prop-firms/leeloo-trading/
lucid-trading,Lucid Trading,https://lucidtrading.com,active,,2024,Dover,United States,one-step|instant-funding,futures,NinjaTrader|Tradovate|Tradesea|Rithmic|MotiveWave|Quantower,"$150,000 (up to 5 funded accounts)",,,$25k|$50k|$100k|$150k,same-day (about 15 minutes from request to bank per site),,,,none,unknown,no,unknown,,https://lucidtrading.com/|https://support.lucidtrading.com/en/,medium,2026-09-24,https://brokercatalogue.com/prop-firms/lucid-trading/
lux-trading-firm,Lux Trading Firm,https://luxtradingfirm.com,active,Lux Trading Firm Ltd (London) and Lux Trading Firm ME L.L.C-FZ (Dubai); also offers prediction-market funded accounts.,2020,London,United Kingdom,one-step|instant-funding,forex|indices|commodities|crypto|stocks,Match-Trader|MT5|TradingView|TraderEvolution,"$1,000,000 (scaling to $10,000,000)",80%,£199 ($100k 1-Step); £299 ($100k Instant); £85 ($10k Prediction Markets),$100k|$400k|$1M (1-Step); $100k|$400k (Instant),,,,,,unknown,unknown,unknown,FX Edge (liquidity provider); real-money A-book funded accounts,https://luxtradingfirm.com/|https://luxtradingfirm.com/rules-of-engagement-3/,medium,2026-09-24,https://brokercatalogue.com/prop-firms/lux-trading-firm/
maven-trading,Maven Trading,https://maventrading.com,active,,2023,Dubai,United Arab Emirates,one-step|two-step|three-step|instant-funding,forex|indices|commodities|crypto,MT5,"$100,000",80%,$13 ($2k 3-Step; $12 with coupon),$2k|$5k|$10k|$20k|$50k|$100k,every 10 business days (standard); 24 hours (Instant),"3% (1-Step); 4% (2-Step); 2% (3-Step, Instant)",5% (1-Step),,none,unknown,unknown,unknown,,https://maventrading.com/|https://maventrading.com/pricing,high,2026-09-24,https://brokercatalogue.com/prop-firms/maven-trading/
ment-funding,Ment Funding,https://mentfunding.com,active,Claims no refused payouts since 2021; futures accounts funded via a registered US broker per site.,2021,,United States,one-step,forex|indices|commodities|crypto|futures|stocks,,"$2,000,000 direct (scaling to $5M)",75% (90% with add-on); 80% on Equities,"$1M forex account $9,750 ($8,600 promo); smaller sizes from $25K (price not captured)",$25k|$50k|$100k|$200k|$400k|$1M|$2M (forex); $25k to $400k (futures); $5k to $100k (equities),"first payout any time (forex), then every 30 days; equities every 14 days",5% (forex); 3% (futures); 2% to 3% (equities),6% static,none (forex); 3 profitable days (equities),none (forex); 90 days (futures evaluation),restricted,restricted,yes,,https://mentfunding.com/|https://mentfunding.com/#rules,high,2026-09-24,https://brokercatalogue.com/prop-firms/ment-funding/
monevis,Monevis,https://monevis.com,active,Operated by Monevis Brokers Ltd; markets itself as the first AI prop firm; instant plan is non-refundable with weekend and news trading not allowed.,2023,,Slovakia,one-step|two-step|three-step|instant-funding,forex|indices|commodities|crypto,Proprietary,"$100,000 (Instant capped at $50K allocation)",50% (Instant); standard plans not captured,$15 ($3K Instant promo; $29 list),$3k|$6k|$10k|$15k|$25k|$50k,,2% (Instant),8% static (Instant),,30 days (Instant); 2-step targets 10%/5%,restricted,restricted,unknown,,https://monevis.com/|https://monevis.com/en/how-it-works,medium,2026-09-24,https://brokercatalogue.com/prop-firms/monevis/
my-funded-fx,My Funded FX,https://myfundedfx.com,closed,"Prop division shut down Feb 2026 (accounts closed 6 Feb 2026, refund/payout requests by 28 Feb 2026); myfundedfx.com now redirects to seacrestmarkets.io/closed stating Seacrest Markets is no longer operating.",2022,,South Africa,,forex|indices|commodities|crypto,,,,,,,,,,,unknown,unknown,unknown,Seacrest Markets (FSCA-regulated CFD broker; rebranded MyFundedFX to SeacrestFunded),https://seacrestmarkets.io/closed|https://www.financemagnates.com/forex/seacrest-ends-prop-trading-after-integrating-myfundedfx-shifts-focus-to-cfds/,high,2026-09-24,https://brokercatalogue.com/prop-firms/my-funded-fx/
myflashfunding,MyFlashFunding,https://myflashfunding.com,watch,Acquired by Sway Funded LTD (Saint Lucia); myflashfunding.com now routes purchases to my.swayfunded.com (ownership change).,2023,,Saint Lucia,two-step,forex|indices|commodities|crypto,Sway Charts,"$200,000",up to 80% (90% add-on),"$15 ($1,000)",$1k|$2.5k|$5k|$10k|$25k|$50k|$100k|$150k|$200k,daily,5%,10%,4,none,unknown,unknown,unknown,Sway Markets (via Sway Funded),https://myflashfunding.com/|https://myflashfunding.com/faq,medium,2026-09-24,https://brokercatalogue.com/prop-firms/myflashfunding/
my-funded-futures,MyFundedFutures,https://myfundedfutures.com,active,,2023,,United States,one-step,futures,Quantower|Tradovate|DeepCharts|Hyperprop,"$150,000",80% (90% on Rapid),$153 ($25K Builder; $92 with promo),$25k|$50k|$100k|$150k,daily (Rapid) / every 48 hours (Builder) / bi-weekly (Pro),none,"trailing $2,000 on $50K (end-of-day or intraday by plan)","1 (Builder) / 2 (Rapid, Pro) / 4 (Rapid EOD)",none,unknown,no,unknown,,https://myfundedfutures.com/|https://myfundedfutures.com/plans/rapid,high,2026-09-24,https://brokercatalogue.com/prop-firms/my-funded-futures/
nexgen-futures-trader,NexGen Futures Trader,https://nexgenfuturestrader.com,active,Live accounts with a registered US broker; IFA consistency 25%; up to 10 ATL or 3 IFA accounts.,,,United States,two-step|instant-funding,futures,Rithmic|ProjectX|Quantower|Sierra Chart|Bookmap|Agena Trader,,90%,monthly ATL subscription plus $145 one-time activation; IFA one-time fee (amounts not captured),,daily (Live accounts); every 10 days (Instant Funded Accounts),none (daily soft stop),static (ATL) or end-of-day (IFA),5+2 (ATL); none to payout on Live,,unknown,no,unknown,,https://nexgenfuturestrader.com/,medium,2026-09-24,https://brokercatalogue.com/prop-firms/nexgen-futures-trader/
nordic-funder,Nordic Funder,https://nordicfunder.com,active,"White-label affiliate of Prop Account, LLC (US), which provides the assessments and funded accounts.",,,Sweden,one-step|two-step|three-step|instant-funding,forex|indices|commodities|crypto|stocks,DXtrade|Match-Trader|cTrader,"$500,000",80% (90% with add-on),"$25 ($2,500 One-Step Lite)",$2.5k to $500k,"first withdrawal with no delay, then every 14 days",5% EOD (One-Step); 4% (Two-Step); 2.5% intraday (Lite); 1% (Instant Lite),"trailing 6% (One-Step); 8% static (Two-Step); 5% static (Three-Step, Lite); 3% (Instant Lite)",none (staged FX); 3 profitable days of 1% (Lite tracks),none (inactivity limit 30 or 14 days),unknown,restricted,yes,,https://nordicfunder.com/|https://nordicfunder.com/programs/,high,2026-09-24,https://brokercatalogue.com/prop-firms/nordic-funder/
nova-funding,Nova Funding,https://novafunding.com,closed,"Reported shut down in Feb 2026 after its website went offline amid scam allegations; novafunding.com now redirects to Nova Legal Funding (a US lawsuit-funding company, unrelated); a separate novafunded.com brand exists.",2022,Austin,United States,,forex,MT4,,,$5 (pay-after-pass model per reviews),,,,,,,unknown,unknown,yes,,https://novafunding.com/|https://vettedpropfirms.com/nova-funding-appears-to-shut-down-amid-scam-allegations/|https://propfirmmatch.com/unlisted-prop-firms/nova-funding,medium,2026-09-24,https://brokercatalogue.com/prop-firms/nova-funding/
ofp-funding,OFP Funding,https://ofpfunding.com,active,Payment agent Finteknology Ltd (London); simulated services by OFP Funding Ltd (Saint Lucia).,2021,London,United Kingdom,instant-funding,forex|indices|commodities|crypto,TradingView|Proprietary,"$300,000",80% (100% option),"$35 ($10,000 Lite)",$10k|$25k|$50k|$100k|$200k|$300k,monthly (Lite; 93% of payouts completed within 48 hours); other modes vary,3% or 5% (selectable),5% (Lite),5,28-day account duration (Lite),yes,unknown,unknown,,https://ofpfunding.com/|https://ofpfunding.com/trading-rules,high,2026-09-24,https://brokercatalogue.com/prop-firms/ofp-funding/
oneup-trader,OneUp Trader,https://www.oneuptrader.com,active,,2017,Wilmington,United States,one-step,futures,NinjaTrader|R Trader|Sierra Chart|MotiveWave|Jigsaw|Bookmap|MultiCharts,"$250,000 (up to 3 funded accounts)","90% (100% of first $10,000)","$65/month ($25K; 50% paid upfront, balance on funding)",$25k|$50k|$100k|$150k|$250k,on demand from day 1 (unlimited withdrawals),none,"trailing $1,500 on $25K (6%), stops trailing at initial balance",10 (5 on Express),none,unknown,no,unknown,,https://www.oneuptrader.com/|https://oneuptrader.helpscoutdocs.com/article/387-what-are-the-rules-of-the-evaluation,high,2026-09-24,https://brokercatalogue.com/prop-firms/oneup-trader/
phidias-propfirm,Phidias Propfirm,https://phidiaspropfirm.com,active,,2023,Gibraltar,Gibraltar,one-step,futures,Rithmic|Tradovate|NinjaTrader|TradingView|DeepCharts,"$150,000 (up to 15 accounts)",80% (Premium 75% rising to 100% from 5th payout),$55 (25K Express to Live one-time with code; $277 list),$25k|$50k|$100k|$150k,"daily, uncapped (Live); 90% processed under 30 minutes",none,static $500 on 25K Express to Live (2%); end-of-day on Fundamental and Premium,none (Express to Live),none,yes,restricted,unknown,Dorman Trading (registered FCM clears LIVE accounts),https://phidiaspropfirm.com/|https://phidiaspropfirm.com/rules,high,2026-09-24,https://brokercatalogue.com/prop-firms/phidias-propfirm/
pipfarm,PipFarm,https://pipfarm.com,active,Operated by ECI Ventures Pte. Ltd.; figures from secondary reviews.,2024,Singapore,Singapore,one-step,forex|indices|commodities|crypto,,"$300,000 (scaling to $1.5M)",70% (up to 95% via XP ranks),$50 ($5k),$5k to $300k,every 14 days (down to every 3 days at higher XP ranks),3%,,,,unknown,unknown,unknown,,https://pipfarm.com/|https://www.propfirmscompared.com/prop-firms/pipfarm|https://www.investing.com/brokers/reviews/pipfarm/,medium,2026-09-24,https://brokercatalogue.com/prop-firms/pipfarm/
prop-number-one,Prop Number One,https://propnumberone.com,watch,Not listed on Prop Firm Match (unverified) and payout complaints appear in 2026 search results; we could not load the site when we checked.,,,Czech Republic,,forex|indices|commodities|crypto,MT4|MT5|cTrader|DXtrade,"$300,000 (scaling from $7,000)",up to 100%,$47,,"within 24 hours (plus $3,000 monthly salary claim after 60 days)",,,,,yes,yes,yes,,https://propnumberone.com/|https://propfirmmatch.com/unlisted-prop-firms/prop-number-one|https://www.trustpilot.com/review/propnumberone.com,low,2026-09-24,https://brokercatalogue.com/prop-firms/prop-number-one/
purdia-capital,Purdia Capital,https://purdia.com,active,Figures from secondary reviews (Trustpilot about 4.3).,2024,,United States,one-step|instant-funding,futures,Tradovate|NinjaTrader|TradingView,"$100,000",90%,,$10k|$25k|$50k|$100k,daily once qualified,none (soft daily loss limit pauses trading),end-of-day trailing (EOD evaluation),,,unknown,no,unknown,,https://purdia.com/|https://propfirmmap.com/blog/purdia-capital-review-2026-plans-rules-payouts|https://damnpropfirms.com/futures-prop-firms/purdia/,medium,2026-09-24,https://brokercatalogue.com/prop-firms/purdia-capital/
qt-funded,QT Funded,https://qtfunded.quanttekel.com,active,"qtfunded.com redirects to qtfunded.quanttekel.com; services contracted via Quant Tekel SVG; Trustpilot 3.9 across 13,000 reviews.",2024,London,United Kingdom,one-step|two-step|instant-funding,forex|indices|commodities|crypto,MT5|TradeLocker,"$200,000 (up to $300K simulated capital)","70% (QT One); 80% (QT Two, QT Power); 100% (QT Instant)",$5 (per site comparison table),$5k|$10k|$25k|$50k|$100k|$200k,every 4 days (QT One); 7 days (Instant); 14 days (QT Two),,6% static (QT One); 8% (QT Two); trailing 6% (Instant),none (QT One),none,yes,unknown,unknown,"Quant Tekel (Pty) Ltd (FSCA-regulated South African broker, same group)",https://qtfunded.quanttekel.com/|https://support.qtfunded.com/,high,2026-09-24,https://brokercatalogue.com/prop-firms/qt-funded/
rebels-funding,Rebels Funding,https://www.rebelsfunding.com,active,Also offers a 4-phase (Copper) and 8-level Diamond program; refund up to 200% of fee.,2023,,Czech Republic,one-step|two-step|three-step|instant-funding,forex|indices|commodities|crypto,Proprietary,"$320,000 (account growth up to 200% of initial)",75% (up to 90%),"€14 ($10,000 Gold 1-Phase promo)",$5k|$10k|$20k|$40k (Gold 1-Phase); funded up to $320k,,none in evaluation; 4% on funded (RCF) account (Gold),6% (Gold 1-Phase),none (minimum 8 real trades),none (999 days),unknown,yes,unknown,,https://www.rebelsfunding.com/programs/gold-1-phase/|https://www.rebelsfunding.com/|https://www.rebelsfunding.com/about-us/,high,2026-09-24,https://brokercatalogue.com/prop-firms/rebels-funding/
sabiotrade,SabioTrade,https://sabiotrade.com,active,"sabiotrade.com redirected to a US-only version (sabiotrade.us) in September 2026; registered owner CODEVIL IT Engineering Ltd, Dublin (per reviews); Trustpilot around 3.5 to 3.9.",2021,Dublin,Ireland,one-step,forex|indices|commodities|crypto|stocks,Proprietary,"$200,000 ($1,000,000 Supreme plan; no scaling)",80% (90% on $100K and above),$139 ($20K Essential),$20k|$50k|$100k|$200k|$1M,weekly (once every 7 days),5%,trailing 6%,none,none (account inactive after 30 days without a trade),unknown,restricted,no,,https://sabiotrade.us/|https://www.fxempire.com/prop-firms/sabiotrade,medium,2026-09-24,https://brokercatalogue.com/prop-firms/sabiotrade/
take-profit-trader,Take Profit Trader,https://takeprofittrader.com,active,,2021,Windermere,United States,one-step,futures,NinjaTrader|TradingView|Tradovate|R Trader|Quantower|MotiveWave,"$150,000 (up to 5 funded accounts)",80% (90% on PRO+ live),$150/month ($25K Test); $130 one-time PRO activation,$25k|$50k|$75k|$100k|$150k,daily (from day one of PRO account),none,trailing (end-of-day on PRO+),5 (Test; pass in as little as 3 days per site),none,yes,no,unknown,,https://takeprofittrader.com/|https://tradetanto.com/learn/take-profit-trader-rules-what-you-need-to-know,high,2026-09-24,https://brokercatalogue.com/prop-firms/take-profit-trader/
the-trading-pit,The Trading Pit,https://www.thetradingpit.com,active,,2022,Vaduz,Liechtenstein,one-step|two-step|instant-funding,forex|indices|commodities|crypto|stocks|futures,ATAS|Quantower|Rithmic|Sierra Chart|NinjaTrader|Tradovate,"$200,000 (scaling to $5,000,000)",80% (Prime and Instant); 50% to 80% (Classic scaling),,$2.5k|$5k|$10k|$20k|$50k|$100k|$200k,every 14 days (min $100; processed within 24 business hours),4% (Classic),trailing 7% on highest equity (Classic),3 (profitable days on older accounts; 3 trading days on 1-Phase $100K/$200K from Jul 2026),none,unknown,restricted,unknown,,https://www.thetradingpit.com/cfds-prop-trading|https://www.thetradingpit.com/,high,2026-09-24,https://brokercatalogue.com/prop-firms/the-trading-pit/
the5ers,The5ers,https://the5ers.com,active,,2016,London,United Kingdom,one-step|two-step|three-step|instant-funding,forex|indices|commodities|crypto|futures,MT5,"$100,000 (scaling to $4,000,000)",80% (up to 100%),$19 (High Stakes $2.5k),$2.5k|$5k|$10k|$25k|$50k|$100k,monthly (on request; scaling at each 10% target),5% (High Stakes); 3% (Hyper Growth),10% (High Stakes); 6% (Hyper Growth),3 profitable days,none (account expires after 30 days without activity),restricted,yes,unknown,,https://the5ers.com/high-stakes/|https://the5ers.com/,high,2026-09-24,https://brokercatalogue.com/prop-firms/the5ers/
thinkcapital,ThinkCapital,https://www.thinkcapital.com,active,Site excludes residents of Australia among restricted jurisdictions; parent broker ThinkMarkets is Melbourne-based.,2024,,Australia,one-step|two-step|three-step|instant-funding,forex|indices|commodities|crypto,ThinkTrader|TradingView,"$600,000 (manage up to $600K via scaling)",up to 90%,$39 ($5K Nexus 3-step); $49 ($2.5K Bolt instant),$5k|$10k|$25k|$50k|$100k ($2.5k Bolt),every 14 days (7-day add-on),"3% (Lightning); 4% (Dual Step, Nexus)",6% (Lightning); 7% challenge / 8% funded (Dual Step); 8% (Nexus),3,none,unknown,restricted,unknown,ThinkMarkets,https://www.thinkcapital.com/|https://www.thinkcapital.com/faqs/,high,2026-09-24,https://brokercatalogue.com/prop-firms/thinkcapital/
topstep,Topstep,https://www.topstep.com,active,,2012,Chicago,United States,one-step,futures,TopstepX|TradingView|NinjaTrader,"$150,000","90% (100% of first $10,000)",$49/month ($50K Combine),$50k|$100k|$150k,on demand (instant payouts after 5 winning days or 3-day consistency path),"none (optional Daily Loss Limit $1,000 on $50K)","trailing $2,000 on $50K (4%, end-of-day)",2,none,yes,no,restricted,"Topstep Brokerage LLC (NFA-registered introducing broker, affiliate)",https://www.topstep.com/topstep-prop|https://www.topstep.com/,high,2026-09-24,https://brokercatalogue.com/prop-firms/topstep/
toptier-trader,TopTier Trader,https://www.toptiertrader.com,watch,Rebranded to TX3 Funding on 25 Sep 2025 with Dubai HQ and TX3 Markets broker backing; toptiertrader.com now shows the TX3 Funding logo only.,2022,Dubai,United Arab Emirates,one-step|two-step,forex|indices|commodities|crypto|futures,,,,,,,,,,,unknown,unknown,unknown,"TX3 Markets (regulated multi-jurisdiction broker, same group)",https://www.toptiertrader.com/|https://www.tx3funding.com/en/ttt-to-tx3|https://forexpropreviews.com/toptier-trader-rebrand-as-tx3-funding-with-broker-backed-model/,medium,2026-09-24,https://brokercatalogue.com/prop-firms/toptier-trader/
trade-the-pool,Trade The Pool,https://tradethepool.com,active,"Operated by Five Percent Online Ltd; 12,000+ US stocks and ETFs.",2022,London,United Kingdom,one-step,stocks,TraderEvolution,"$200,000 buying power (day trade); $40,000 (swing)",,$97,$5k|$25k|$50k|$100k|$200k (day trade); $2k|$10k|$20k|$40k (swing),,,,,none (Flex); 60 days (Max),unknown,unknown,unknown,,https://tradethepool.com/|https://tradethepool.com/the-program/,medium,2026-09-24,https://brokercatalogue.com/prop-firms/trade-the-pool/
tradeday,TradeDay,https://www.tradeday.com,active,,2020,Chicago,United States,one-step,futures,Tradovate|Rithmic|Jigsaw|Quantower,"$150,000","80% Funded Sim, 90% Funded Live (50/50 below $4k net profit on some plans)",$45 (25k),$25k|$50k|$100k|$150k,day-one payouts (min 1 to 5 days to payout by plan),none,"trailing $1,000 on 25k (intraday or end-of-day by plan)",1,none,unknown,no,unknown,,https://www.tradeday.com/|https://tradeday.freshdesk.com/en/support/solutions,high,2026-09-24,https://brokercatalogue.com/prop-firms/tradeday/
tradeify,Tradeify,https://tradeify.co,active,,2024,Boca Raton,United States,one-step|instant-funding,futures,Tradovate|Rithmic|NinjaTrader,"$150,000 (up to $750K across accounts)",90%,,$25k|$50k|$100k|$150k,daily (Select daily path) / every 5 days (Lightning Funded),$600 on $25K Growth (soft limit); none on Select,trailing (end-of-day),,none,unknown,no,unknown,Slay Markets LLC (affiliated CFTC-registered introducing broker),https://tradeify.co/|https://tradetanto.com/learn/tradeify-rules-explained-what-every-trader-should-know,high,2026-09-24,https://brokercatalogue.com/prop-firms/tradeify/
traders-with-edge,Traders With Edge,https://traderswithedge.com,active,"Owned by Swift Trader Ltd (Hong Kong) per reviews; 1,172 tradable assets; Traders Union rates it higher-than-average risk.",2022,Hong Kong,Hong Kong,one-step|two-step|instant-funding,forex|indices|commodities|crypto|stocks,MT5,"$1,000,000 (scaling to $3M; institutional path up to $30M after 2 years)",80%,,$2.5k to $1M,fortnightly,,,,,unknown,unknown,unknown,GO Markets (partner broker),https://traderswithedge.com/|https://tradersunion.com/brokers/prop/view/traders-with-edge/|https://tradingfinder.com/props/traders-with-edge/,medium,2026-09-24,https://brokercatalogue.com/prop-firms/traders-with-edge/
uprofit,UProfit,https://uprofit.com,active,,2019,Dover,United States,one-step,futures,TradingView|Tradovate,"$150,000",,$78/month ($50K Day Soft; $130 list),$50k|$100k|$150k,first payout after 3 days; 24-hour payouts,"$1,100 on $50K Day Soft (2.2%); none on Day Flex","$2,000 on $50K (4%, end-of-day)",2,none,unknown,no,unknown,,https://uprofit.com/|https://uprofit.com/day-programs,high,2026-09-24,https://brokercatalogue.com/prop-firms/uprofit/
